transaction_id,account_id,transaction_date,transaction_type,amount,channel,merchant_category
1,1,1/10/2026,Transfer,6473,Branch,Groceries
2,2,7/24/2026,ATM,7871,Mobile,Other
3,3,4/30/2026,Debit,9303,Web,Utilities
4,4,12/18/2025,Credit,5014,Branch,Other
5,5,1/28/2026,Transfer,6838,Branch,Utilities
6,6,6/13/2026,Debit,7376,Web,Fuel
7,7,3/24/2026,Credit,6613,Branch,Groceries
8,8,8/29/2026,Transfer,5929,Branch,Retail
9,9,8/3/2026,Credit,7592,Branch,Retail
10,10,1/8/2026,Debit,9566,ATM,Utilities
11,11,6/6/2026,Transfer,7558,Branch,Retail
12,12,12/30/2025,Debit,7818,ATM,Other
13,13,7/6/2026,Credit,5623,ATM,Groceries
14,14,2/5/2026,Debit,9401,Web,Groceries
15,15,3/1/2026,Transfer,8299,Mobile,Utilities
16,16,4/14/2026,Credit,5109,Web,Groceries
17,17,9/8/2026,ATM,6875,ATM,Utilities
18,18,6/14/2026,Debit,7098,ATM,Other
19,19,9/15/2025,Credit,8197,Branch,Retail
20,20,6/30/2026,ATM,5192,Web,Utilities
21,21,5/5/2026,Transfer,9824,Mobile,Entertainment
22,22,9/17/2025,Transfer,9531,Mobile,Utilities
23,23,12/17/2025,Debit,5805,Branch,Utilities
24,24,7/30/2026,Credit,6251,Mobile,Entertainment
25,25,4/19/2026,Credit,7285,Web,Entertainment
26,26,2/12/2026,Credit,5857,Web,Other
27,27,8/10/2026,ATM,7070,Web,Groceries
28,28,4/2/2026,Transfer,5808,Web,Fuel
29,29,7/18/2026,Credit,7935,Mobile,Entertainment
30,30,4/21/2026,Transfer,9008,ATM,Other
31,31,9/19/2025,ATM,6082,ATM,Other
32,32,11/13/2025,Debit,6385,Web,Groceries
33,33,6/9/2026,ATM,8166,ATM,Utilities
34,34,7/24/2026,Transfer,9511,Mobile,Fuel
35,35,7/2/2026,Debit,9627,Mobile,Fuel
36,36,1/26/2026,Credit,5801,Web,Entertainment
37,37,12/28/2025,Debit,9812,Branch,Utilities
38,38,10/2/2025,Credit,8413,Mobile,Entertainment
39,39,2/22/2026,Transfer,8939,ATM,Entertainment
40,40,9/9/2026,Credit,8111,ATM,Retail
41,41,5/3/2026,Credit,8305,Mobile,Groceries
42,42,4/5/2026,ATM,7817,ATM,Fuel
43,43,4/19/2026,Transfer,9672,Branch,Groceries
44,44,12/27/2025,ATM,8848,Mobile,Utilities
45,45,1/19/2026,ATM,7084,Web,Groceries
46,46,10/25/2025,ATM,7587,Web,Other
47,47,11/18/2025,Debit,5820,Mobile,Utilities
48,48,12/12/2025,Credit,5067,Branch,Utilities
49,49,5/20/2026,Debit,7959,Web,Fuel
50,50,6/8/2026,ATM,9851,ATM,Other
51,51,1/2/2026,Transfer,6716,Branch,Fuel
52,52,7/26/2026,Transfer,7525,Branch,Other
53,53,11/20/2025,Credit,5083,Branch,Entertainment
54,54,10/1/2025,Transfer,8917,Web,Fuel
55,55,8/15/2026,Transfer,5716,Mobile,Entertainment
56,56,6/29/2026,ATM,5310,ATM,Entertainment
57,57,8/23/2026,ATM,5429,Branch,Other
58,58,7/16/2026,Credit,9675,Web,Entertainment
59,59,5/30/2026,Credit,5195,Branch,Groceries
60,60,6/4/2026,Transfer,5233,Mobile,Groceries
61,61,1/4/2026,Transfer,6824,Mobile,Fuel
62,62,9/29/2025,Transfer,5957,Branch,Fuel
63,63,10/1/2025,Debit,8551,ATM,Groceries
64,64,7/7/2026,Debit,8292,Web,Utilities
65,65,9/27/2025,Transfer,5241,ATM,Entertainment
66,66,11/2/2025,Transfer,8105,Web,Groceries
67,67,12/19/2025,ATM,8628,ATM,Fuel
68,68,11/1/2025,Debit,8662,Web,Fuel
69,69,6/17/2026,Debit,5619,Web,Fuel
70,70,5/12/2026,Credit,9071,Web,Entertainment
71,71,10/16/2025,ATM,5604,Web,Fuel
72,72,3/17/2026,Credit,9104,ATM,Utilities
73,73,9/15/2025,ATM,6554,Mobile,Other
74,74,7/23/2026,Transfer,6289,ATM,Utilities
75,75,1/21/2026,Debit,6261,Web,Entertainment
76,76,12/6/2025,Credit,7114,ATM,Fuel
77,77,6/30/2026,Debit,8896,Branch,Other
78,78,10/1/2025,Debit,7516,Web,Fuel
79,79,12/4/2025,Credit,6697,ATM,Groceries
80,80,11/26/2025,Transfer,5754,Mobile,Entertainment
81,81,5/31/2026,Debit,6376,Branch,Utilities
82,82,3/21/2026,Credit,6748,Web,Groceries
83,83,8/13/2026,Transfer,6794,Mobile,Fuel
84,84,7/27/2026,ATM,9501,Web,Utilities
85,85,2/4/2026,Debit,5284,Branch,Entertainment
86,86,8/22/2026,Transfer,8612,Web,Utilities
87,87,12/13/2025,Credit,5836,ATM,Fuel
88,88,6/13/2026,Credit,8924,Web,Other
89,89,6/25/2026,Debit,9900,Web,Other
90,90,10/23/2025,Debit,6305,Mobile,Retail
91,91,2/18/2026,Credit,9961,Web,Entertainment
92,92,11/29/2025,Debit,9663,Mobile,Groceries
93,93,3/31/2026,Credit,9167,Branch,Entertainment
94,94,10/18/2025,ATM,8376,Branch,Groceries
95,95,8/11/2026,Transfer,7897,Web,Other
96,96,10/15/2025,Debit,9163,ATM,Entertainment
97,97,4/28/2026,Transfer,7555,Mobile,Utilities
98,98,1/21/2026,Credit,5546,Mobile,Entertainment
99,99,9/28/2025,Credit,5020,Web,Other
100,100,4/14/2026,Credit,6127,ATM,Utilities
101,101,12/23/2025,ATM,5649,ATM,Retail
102,102,2/20/2026,Transfer,6644,ATM,Retail
103,103,6/13/2026,Transfer,9300,ATM,Entertainment
104,104,5/4/2026,ATM,6808,ATM,Other
105,105,8/18/2026,ATM,8254,Web,Fuel
106,106,4/11/2026,ATM,8014,ATM,Entertainment
107,107,11/26/2025,ATM,8172,Web,Fuel
108,108,7/24/2026,Transfer,8189,Mobile,Retail
109,109,6/7/2026,Credit,6372,Web,Other
110,110,11/3/2025,ATM,7215,Branch,Groceries
111,111,7/18/2026,Credit,6928,ATM,Fuel
112,112,11/18/2025,Debit,5074,ATM,Fuel
113,113,8/19/2026,ATM,5681,Mobile,Other
114,114,2/20/2026,ATM,7522,Mobile,Groceries
115,115,10/17/2025,Transfer,6055,ATM,Other
116,116,1/22/2026,ATM,6554,ATM,Entertainment
117,117,7/15/2026,Transfer,7927,Mobile,Other
118,118,6/21/2026,ATM,9284,Mobile,Other
119,119,4/9/2026,Transfer,8552,Branch,Groceries
120,120,4/22/2026,Credit,6995,Mobile,Utilities
121,121,10/8/2025,Debit,8310,ATM,Other
122,122,2/4/2026,Transfer,5759,Mobile,Utilities
123,123,12/25/2025,Transfer,8608,ATM,Other
124,124,2/11/2026,Debit,9095,Web,Utilities
125,125,5/17/2026,Debit,6496,ATM,Utilities
126,126,12/27/2025,Debit,6342,Web,Retail
127,127,5/22/2026,Credit,6837,Mobile,Fuel
128,128,2/16/2026,Transfer,9833,Branch,Other
129,129,4/7/2026,Debit,5549,Mobile,Fuel
130,130,7/2/2026,ATM,6648,Mobile,Fuel
131,131,10/22/2025,Transfer,5936,Web,Retail
132,132,10/24/2025,Transfer,8416,Web,Retail
133,133,10/30/2025,Debit,9937,ATM,Groceries
134,134,8/8/2026,Credit,8374,Branch,Fuel
135,135,10/14/2025,Debit,6034,Web,Other
136,136,7/5/2026,ATM,7931,Mobile,Groceries
137,137,7/7/2026,Debit,9806,ATM,Entertainment
138,138,7/24/2026,Credit,5233,Web,Other
139,139,5/18/2026,Transfer,5171,Branch,Entertainment
140,140,8/19/2026,Debit,9690,Branch,Fuel
141,141,8/12/2026,ATM,7298,Web,Groceries
142,142,3/27/2026,Debit,8467,ATM,Utilities
143,143,3/15/2026,ATM,8462,Branch,Utilities
144,144,8/19/2026,ATM,9465,ATM,Entertainment
145,145,3/21/2026,Debit,6833,Mobile,Entertainment
146,146,6/16/2026,ATM,9813,Web,Entertainment
147,147,3/27/2026,Transfer,8321,ATM,Entertainment
148,148,12/27/2025,ATM,8877,Web,Fuel
149,149,5/16/2026,ATM,5222,Mobile,Retail
150,150,2/23/2026,Credit,6673,Mobile,Other
151,1,12/27/2025,Transfer,6696,Mobile,Utilities
152,2,12/5/2025,ATM,5349,Mobile,Fuel
153,3,2/18/2026,ATM,7713,Branch,Utilities
154,4,3/1/2026,ATM,9923,Web,Fuel
155,5,12/11/2025,Debit,6638,ATM,Utilities
156,6,12/26/2025,Debit,8055,Web,Groceries
157,7,11/5/2025,Credit,7499,Mobile,Utilities
158,8,5/17/2026,ATM,8577,Mobile,Entertainment
159,9,4/7/2026,Transfer,7869,Branch,Groceries
160,10,7/21/2026,Credit,7150,Branch,Entertainment
161,11,11/24/2025,Transfer,7881,Mobile,Fuel
162,12,10/30/2025,ATM,9338,ATM,Other
163,13,3/1/2026,Credit,9457,Branch,Retail
164,14,7/3/2026,Credit,6258,Branch,Groceries
165,15,5/31/2026,ATM,5180,Branch,Retail
166,16,10/5/2025,Debit,8627,ATM,Entertainment
167,17,1/11/2026,ATM,5005,ATM,Entertainment
168,18,7/20/2026,Transfer,6791,Mobile,Entertainment
169,19,1/12/2026,Credit,5454,ATM,Fuel
170,20,10/25/2025,Transfer,7065,Mobile,Utilities
171,21,10/5/2025,ATM,8572,Mobile,Other
172,22,5/2/2026,Debit,8752,ATM,Retail
173,23,7/4/2026,ATM,6639,Web,Fuel
174,24,10/16/2025,Transfer,5435,Web,Other
175,25,3/14/2026,Debit,5682,ATM,Other
176,26,5/11/2026,Debit,5451,Web,Groceries
177,27,7/8/2026,Debit,6890,Branch,Entertainment
178,28,12/1/2025,ATM,5432,Web,Entertainment
179,29,1/19/2026,Transfer,6891,Mobile,Retail
180,30,7/28/2026,Transfer,8227,ATM,Entertainment
181,31,4/4/2026,Debit,9094,ATM,Other
182,32,10/28/2025,ATM,8781,ATM,Retail
183,33,9/19/2025,ATM,9547,Mobile,Other
184,34,4/18/2026,Transfer,8084,Mobile,Entertainment
185,35,8/13/2026,Transfer,9500,Mobile,Entertainment
186,36,7/9/2026,Debit,9159,Mobile,Other
187,37,2/11/2026,Credit,9653,Mobile,Other
188,38,8/4/2026,Transfer,8414,Web,Other
189,39,9/12/2025,ATM,7195,Web,Other
190,40,11/1/2025,ATM,8125,Mobile,Other
191,41,1/27/2026,Transfer,7699,Web,Groceries
192,42,10/23/2025,Debit,9825,Web,Entertainment
193,43,11/20/2025,Debit,7686,Branch,Groceries
194,44,12/27/2025,Debit,5156,ATM,Groceries
195,45,8/9/2026,Credit,5617,ATM,Utilities
196,46,1/30/2026,Transfer,5068,Mobile,Other
197,47,1/23/2026,ATM,8579,Mobile,Other
198,48,11/1/2025,Credit,9706,Mobile,Other
199,49,10/18/2025,Debit,7342,Mobile,Fuel
200,50,12/26/2025,Debit,6276,Branch,Fuel
201,51,2/15/2026,ATM,7758,Mobile,Fuel
202,52,8/4/2026,Credit,8524,Branch,Other
203,53,3/25/2026,Credit,6929,Mobile,Retail
204,54,2/26/2026,Debit,5886,Mobile,Fuel
205,55,1/5/2026,ATM,9084,Branch,Entertainment
206,56,10/16/2025,Credit,9394,ATM,Fuel
207,57,9/13/2025,Debit,6623,Mobile,Utilities
208,58,8/27/2026,Credit,6058,Branch,Groceries
209,59,10/21/2025,Credit,8809,Mobile,Entertainment
210,60,8/2/2026,Credit,5555,ATM,Groceries
211,61,8/5/2026,ATM,9795,Branch,Retail
212,62,2/22/2026,ATM,6551,Mobile,Groceries
213,63,6/15/2026,Credit,6142,Web,Fuel
214,64,11/9/2025,Credit,5935,ATM,Entertainment
215,65,11/17/2025,Credit,6718,Mobile,Utilities
216,66,5/1/2026,Transfer,9813,ATM,Other
217,67,12/1/2025,ATM,5896,Mobile,Fuel
218,68,11/23/2025,Transfer,7552,ATM,Entertainment
219,69,10/7/2025,ATM,9476,Branch,Other
220,70,8/30/2026,Transfer,7050,Web,Retail
221,71,9/11/2025,ATM,6685,Web,Fuel
222,72,7/5/2026,ATM,8165,Mobile,Utilities
223,73,8/10/2026,Transfer,5413,ATM,Other
224,74,1/20/2026,Debit,8267,Web,Retail
225,75,3/25/2026,Credit,7011,Mobile,Groceries
226,76,2/3/2026,Credit,6326,Mobile,Fuel
227,77,1/21/2026,Credit,9141,Mobile,Retail
228,78,5/24/2026,Transfer,6914,ATM,Retail
229,79,8/9/2026,Credit,6057,Branch,Fuel
230,80,9/24/2025,Debit,7724,ATM,Entertainment
231,81,2/18/2026,ATM,8069,ATM,Entertainment
232,82,10/31/2025,Transfer,5979,Branch,Retail
233,83,12/31/2025,Credit,6367,Branch,Utilities
234,84,6/26/2026,Debit,6705,ATM,Utilities
235,85,3/8/2026,Debit,6899,Web,Other
236,86,11/2/2025,ATM,8928,Web,Entertainment
237,87,11/23/2025,Credit,7536,Branch,Groceries
238,88,12/28/2025,Credit,8700,Web,Other
239,89,11/14/2025,Debit,7007,Web,Fuel
240,90,5/12/2026,Transfer,8473,ATM,Utilities
241,91,1/16/2026,Credit,7290,Branch,Groceries
242,92,1/11/2026,Transfer,6879,Web,Entertainment
243,93,3/18/2026,ATM,9477,Mobile,Fuel
244,94,9/30/2025,Transfer,7467,Mobile,Fuel
245,95,11/23/2025,Credit,7351,Mobile,Retail
246,96,6/17/2026,Transfer,5988,Mobile,Other
247,97,11/19/2025,Debit,6962,ATM,Other
248,98,6/16/2026,Credit,7931,Mobile,Utilities
249,99,6/14/2026,Debit,8780,Branch,Utilities
250,100,6/4/2026,Credit,5135,ATM,Other
251,101,11/6/2025,Debit,9644,Branch,Other
252,102,5/6/2026,ATM,8992,ATM,Groceries
253,103,5/6/2026,Credit,9405,Web,Groceries
254,104,3/5/2026,Transfer,7332,Mobile,Entertainment
255,105,1/3/2026,ATM,6892,Branch,Other
256,106,10/28/2025,Debit,6873,ATM,Retail
257,107,8/28/2026,Transfer,5380,ATM,Utilities
258,108,6/17/2026,Credit,7077,Web,Entertainment
259,109,6/3/2026,Debit,6687,Branch,Retail
260,110,5/24/2026,Transfer,6630,Mobile,Fuel
261,111,10/9/2025,Debit,5705,Mobile,Retail
262,112,7/14/2026,Transfer,8352,Web,Utilities
263,113,8/20/2026,Transfer,7436,Mobile,Groceries
264,114,3/8/2026,Credit,5002,Mobile,Fuel
265,115,6/24/2026,Credit,5673,ATM,Groceries
266,116,7/19/2026,Debit,8552,Branch,Fuel
267,117,11/10/2025,ATM,8954,Branch,Entertainment
268,118,9/27/2025,Credit,5631,Mobile,Utilities
269,119,8/13/2026,Transfer,6450,Mobile,Other
270,120,12/7/2025,Credit,5261,Web,Other
271,121,10/15/2025,Credit,6357,Branch,Fuel
272,122,6/4/2026,ATM,8292,Mobile,Entertainment
273,123,8/27/2026,Transfer,6050,Mobile,Groceries
274,124,11/4/2025,Transfer,9071,Web,Utilities
275,125,10/16/2025,Transfer,9114,Web,Fuel
276,126,3/28/2026,Credit,6786,Branch,Utilities
277,127,6/14/2026,Debit,8139,ATM,Retail
278,128,1/31/2026,Transfer,7506,Web,Entertainment
279,129,7/4/2026,Transfer,5693,Mobile,Utilities
280,130,5/23/2026,Transfer,5902,Mobile,Groceries
281,131,5/3/2026,Transfer,8871,Branch,Utilities
282,132,7/20/2026,Debit,9255,Branch,Utilities
283,133,6/12/2026,Debit,9650,Web,Other
284,134,7/12/2026,Credit,7589,Branch,Entertainment
285,135,1/30/2026,ATM,8352,Web,Utilities
286,136,6/30/2026,Credit,8009,Mobile,Utilities
287,137,4/17/2026,ATM,8778,Web,Groceries
288,138,9/25/2025,Transfer,6830,Mobile,Other
289,139,9/15/2025,Transfer,8494,Mobile,Fuel
290,140,3/21/2026,Debit,5542,Web,Retail
291,141,8/24/2026,Debit,8951,Branch,Entertainment
292,142,5/21/2026,Transfer,7569,Branch,Other
293,143,9/26/2025,Debit,9611,Branch,Other
294,144,9/8/2026,Credit,9279,Web,Utilities
295,145,4/8/2026,Transfer,5557,Branch,Utilities
296,146,4/4/2026,ATM,6366,Branch,Fuel
297,147,1/27/2026,Credit,8877,ATM,Fuel
298,148,6/19/2026,ATM,6430,Web,Other
299,149,8/18/2026,Credit,9255,Mobile,Fuel
300,150,3/8/2026,ATM,5569,ATM,Utilities
301,1,9/18/2025,Debit,5252,Mobile,Fuel
302,2,10/23/2025,Transfer,9118,Branch,Entertainment
303,3,9/26/2025,Credit,8490,Web,Other
304,4,6/2/2026,Transfer,9181,Branch,Utilities
305,5,4/19/2026,Credit,8100,Web,Other
306,6,5/8/2026,Debit,6202,Branch,Other
307,7,3/12/2026,Debit,7864,Web,Groceries
308,8,7/23/2026,Credit,9711,ATM,Fuel
309,9,3/17/2026,ATM,9922,Branch,Fuel
310,10,3/15/2026,Transfer,8709,ATM,Fuel
311,11,7/23/2026,Debit,5770,Mobile,Fuel
312,12,2/9/2026,Transfer,7677,Web,Entertainment
313,13,7/22/2026,Debit,8635,ATM,Groceries
314,14,7/30/2026,Debit,5270,Mobile,Entertainment
315,15,6/5/2026,ATM,9239,Branch,Utilities
316,16,12/5/2025,Debit,9159,ATM,Entertainment
317,17,5/16/2026,Debit,8026,Web,Groceries
318,18,1/12/2026,ATM,6627,Branch,Fuel
319,19,5/31/2026,ATM,5176,Mobile,Utilities
320,20,8/11/2026,Credit,7938,Web,Entertainment
321,21,11/1/2025,Transfer,6482,ATM,Fuel
322,22,2/27/2026,ATM,9763,ATM,Fuel
323,23,11/16/2025,ATM,6857,Mobile,Entertainment
324,24,6/8/2026,Debit,9558,Branch,Other
325,25,9/12/2025,ATM,5672,Web,Utilities
326,26,11/27/2025,ATM,5344,Mobile,Utilities
327,27,2/8/2026,Transfer,9393,Web,Entertainment
328,28,11/27/2025,ATM,8306,Mobile,Fuel
329,29,6/27/2026,Transfer,8236,Mobile,Entertainment
330,30,3/31/2026,Transfer,5387,Web,Fuel
331,31,6/29/2026,Debit,5705,Web,Groceries
332,32,12/19/2025,Debit,9312,Mobile,Other
333,33,10/1/2025,ATM,5469,ATM,Fuel
334,34,2/11/2026,Transfer,6431,Branch,Groceries
335,35,5/27/2026,Credit,7097,ATM,Entertainment
336,36,9/17/2025,ATM,7325,Branch,Entertainment
337,37,2/14/2026,Credit,6659,Branch,Groceries
338,38,6/23/2026,Debit,8676,Branch,Groceries
339,39,3/20/2026,Debit,6780,Branch,Retail
340,40,4/12/2026,Transfer,9420,Mobile,Groceries
341,41,6/11/2026,ATM,6263,Web,Groceries
342,42,11/10/2025,Debit,6705,ATM,Entertainment
343,43,9/20/2025,Credit,9658,Web,Fuel
344,44,7/19/2026,Transfer,6868,ATM,Retail
345,45,12/31/2025,ATM,8474,Web,Other
346,46,2/4/2026,ATM,7192,ATM,Fuel
347,47,7/29/2026,Debit,5267,Branch,Other
348,48,11/17/2025,ATM,8900,Mobile,Groceries
349,49,5/10/2026,ATM,5288,Mobile,Retail
350,50,3/26/2026,ATM,6794,Branch,Utilities
351,51,9/22/2025,ATM,5398,Mobile,Fuel
352,52,4/28/2026,Transfer,5287,Branch,Entertainment
353,53,6/8/2026,Transfer,5150,Branch,Retail
354,54,11/8/2025,Transfer,6288,ATM,Utilities
355,55,4/14/2026,Transfer,6958,Web,Other
356,56,3/22/2026,ATM,5865,Web,Groceries
357,57,6/8/2026,ATM,9328,Branch,Retail
358,58,8/2/2026,ATM,5419,Mobile,Retail
359,59,6/13/2026,ATM,8227,Web,Groceries
360,60,7/3/2026,Debit,8766,Branch,Entertainment
361,61,8/3/2026,Debit,8492,ATM,Other
362,62,5/13/2026,ATM,8493,Web,Groceries
363,63,10/13/2025,Debit,7687,Mobile,Entertainment
364,64,4/17/2026,Debit,7302,Mobile,Groceries
365,65,3/5/2026,ATM,9479,Mobile,Utilities
366,66,7/13/2026,Credit,6113,Mobile,Groceries
367,67,3/6/2026,Debit,8031,Mobile,Groceries
368,68,12/16/2025,Credit,9644,Mobile,Entertainment
369,69,12/3/2025,Transfer,9529,Web,Retail
370,70,2/22/2026,ATM,9106,Web,Utilities
371,71,9/18/2025,Credit,8258,Web,Retail
372,72,1/31/2026,ATM,7384,ATM,Groceries
373,73,1/28/2026,Transfer,8217,Branch,Fuel
374,74,12/26/2025,Debit,5412,Branch,Entertainment
375,75,9/21/2025,ATM,5779,Web,Other
376,76,11/22/2025,Debit,6077,Branch,Other
377,77,6/26/2026,Credit,5456,Branch,Groceries
378,78,6/26/2026,Transfer,8003,Mobile,Fuel
379,79,8/27/2026,ATM,7191,Mobile,Groceries
380,80,12/9/2025,Credit,6590,ATM,Utilities
381,81,2/21/2026,Transfer,9152,Web,Entertainment
382,82,2/7/2026,Credit,8382,ATM,Retail
383,83,1/10/2026,Debit,6238,Web,Groceries
384,84,8/23/2026,Transfer,6432,Web,Utilities
385,85,4/30/2026,Credit,9273,Branch,Fuel
386,86,9/21/2025,Credit,8579,Web,Other
387,87,5/31/2026,Transfer,5253,Web,Retail
388,88,2/9/2026,Transfer,7783,Mobile,Other
389,89,5/28/2026,ATM,7801,Mobile,Retail
390,90,6/4/2026,Credit,8293,ATM,Fuel
391,91,12/5/2025,Transfer,6683,Web,Utilities
392,92,7/1/2026,Transfer,5194,Branch,Entertainment
393,93,3/23/2026,Credit,6531,ATM,Retail
394,94,2/9/2026,Debit,5451,Mobile,Utilities
395,95,12/5/2025,ATM,8448,Mobile,Other
396,96,3/17/2026,Credit,8722,Web,Utilities
397,97,11/29/2025,Debit,6876,Web,Utilities
398,98,10/12/2025,Debit,6967,Branch,Utilities
399,99,6/16/2026,Transfer,8779,Branch,Groceries
400,100,6/29/2026,ATM,5802,Branch,Fuel
401,101,7/6/2026,Credit,8041,Web,Fuel
402,102,9/25/2025,Debit,7360,Branch,Other
403,103,8/11/2026,Debit,6805,Branch,Other
404,104,3/4/2026,ATM,8491,ATM,Fuel
405,105,4/11/2026,Credit,6856,ATM,Retail
406,106,11/19/2025,Credit,8143,Web,Utilities
407,107,4/5/2026,Credit,6710,Branch,Groceries
408,108,4/21/2026,Debit,6005,Branch,Utilities
409,109,5/17/2026,Credit,7398,Mobile,Utilities
410,110,11/27/2025,Debit,6730,Web,Utilities
411,111,3/27/2026,ATM,6791,ATM,Other
412,112,12/13/2025,Credit,9785,Branch,Fuel
413,113,2/19/2026,Debit,7405,Web,Retail
414,114,8/14/2026,ATM,7141,Web,Other
415,115,2/1/2026,Debit,6542,Branch,Utilities
416,116,10/13/2025,Credit,7493,Mobile,Fuel
417,117,7/23/2026,Credit,7932,ATM,Retail
418,118,5/14/2026,ATM,8248,ATM,Groceries
419,119,5/12/2026,Debit,6940,Mobile,Retail
420,120,4/12/2026,ATM,5011,Web,Retail
421,121,3/14/2026,Debit,9125,Web,Groceries
422,122,2/26/2026,ATM,8008,Branch,Entertainment
423,123,10/24/2025,ATM,5471,ATM,Retail
424,124,1/2/2026,Debit,7227,Branch,Other
425,125,6/2/2026,Transfer,8151,ATM,Fuel
426,126,4/24/2026,ATM,5541,Branch,Other
427,127,1/16/2026,ATM,5421,Branch,Utilities
428,128,3/4/2026,Transfer,8295,ATM,Utilities
429,129,1/3/2026,Credit,5278,Branch,Entertainment
430,130,11/9/2025,Credit,7730,ATM,Fuel
431,131,1/19/2026,ATM,6019,Branch,Fuel
432,132,1/6/2026,Transfer,7120,Branch,Entertainment
433,133,2/15/2026,Credit,9387,Branch,Entertainment
434,134,7/17/2026,Credit,9804,Mobile,Other
435,135,2/4/2026,Debit,5886,Branch,Entertainment
436,136,4/5/2026,ATM,7183,ATM,Utilities
437,137,7/22/2026,Transfer,5998,ATM,Retail
438,138,10/27/2025,ATM,6340,Mobile,Retail
439,139,6/14/2026,Transfer,7481,Mobile,Fuel
440,140,6/30/2026,Transfer,9771,Branch,Entertainment
441,141,10/8/2025,Credit,6029,Branch,Retail
442,142,1/11/2026,Debit,8352,Branch,Other
443,143,5/3/2026,Debit,6095,ATM,Entertainment
444,144,11/20/2025,Credit,7482,Mobile,Fuel
445,145,12/5/2025,ATM,6754,ATM,Entertainment
446,146,6/16/2026,Debit,8672,Web,Fuel
447,147,1/21/2026,Transfer,8877,Web,Other
448,148,8/3/2026,Credit,7243,Branch,Utilities
449,149,9/14/2025,ATM,5436,Web,Groceries
450,150,10/16/2025,Transfer,7648,Branch,Entertainment
451,1,2/28/2026,Transfer,5455,Branch,Retail
452,2,4/24/2026,Credit,9223,Mobile,Utilities
453,3,4/18/2026,ATM,5815,ATM,Entertainment
454,4,6/29/2026,Transfer,8887,ATM,Utilities
455,5,3/11/2026,ATM,8452,Branch,Utilities
456,6,4/30/2026,Credit,8912,Web,Utilities
457,7,8/17/2026,Credit,6560,Mobile,Entertainment
458,8,3/12/2026,Credit,5976,Mobile,Entertainment
459,9,11/17/2025,Transfer,5950,Branch,Groceries
460,10,11/2/2025,Transfer,8149,ATM,Utilities
461,11,1/16/2026,Debit,5383,Mobile,Other
462,12,1/12/2026,Debit,7952,Branch,Other
463,13,3/6/2026,ATM,5878,Mobile,Fuel
464,14,1/19/2026,Debit,5634,Mobile,Other
465,15,7/12/2026,Debit,7543,Web,Entertainment
466,16,4/13/2026,Credit,5760,Web,Entertainment
467,17,5/30/2026,Debit,8801,Branch,Fuel
468,18,12/8/2025,Transfer,6685,ATM,Utilities
469,19,5/22/2026,Credit,7684,Web,Other
470,20,2/9/2026,Credit,5971,Web,Retail
471,21,10/12/2025,ATM,5238,ATM,Other
472,22,5/14/2026,Transfer,5254,ATM,Utilities
473,23,6/1/2026,Debit,7748,Web,Other
474,24,11/9/2025,Transfer,6331,Mobile,Other
475,25,10/29/2025,Credit,6012,Branch,Other
476,26,12/11/2025,Credit,7925,Web,Groceries
477,27,4/18/2026,Transfer,9673,Web,Groceries
478,28,6/19/2026,ATM,7381,ATM,Retail
479,29,10/18/2025,Debit,5640,Branch,Retail
480,30,7/6/2026,Transfer,6492,Mobile,Fuel
481,31,3/23/2026,Transfer,5036,Mobile,Other
482,32,2/10/2026,ATM,8929,Mobile,Other
483,33,12/11/2025,Debit,7571,ATM,Fuel
484,34,10/7/2025,Debit,5166,Branch,Utilities
485,35,1/12/2026,Credit,8761,Branch,Other
486,36,12/5/2025,Transfer,8992,Web,Fuel
487,37,1/20/2026,Debit,8283,ATM,Retail
488,38,4/11/2026,Credit,6505,Web,Retail
489,39,9/28/2025,Credit,7533,Branch,Groceries
490,40,5/25/2026,Debit,7322,Mobile,Groceries
491,41,4/18/2026,Transfer,8347,Mobile,Retail
492,42,7/17/2026,Credit,8645,Branch,Other
493,43,3/23/2026,Debit,8846,Web,Fuel
494,44,9/15/2025,Transfer,8468,Mobile,Utilities
495,45,9/22/2025,Transfer,6006,Branch,Fuel
496,46,4/11/2026,Debit,9911,ATM,Entertainment
497,47,9/26/2025,Transfer,5722,Web,Groceries
498,48,11/30/2025,Debit,6344,ATM,Retail
499,49,12/7/2025,ATM,5605,Web,Other
500,50,4/28/2026,Debit,5015,Web,Entertainment
501,51,5/12/2026,Credit,8854,Mobile,Entertainment
502,52,10/3/2025,Debit,8393,Branch,Fuel
503,53,4/23/2026,Debit,5216,Branch,Fuel
504,54,4/26/2026,Credit,5168,ATM,Entertainment
505,55,4/19/2026,Debit,9217,Mobile,Fuel
506,56,1/20/2026,Transfer,6493,Branch,Other
507,57,10/26/2025,Debit,6109,Branch,Fuel
508,58,11/20/2025,ATM,7865,Mobile,Retail
509,59,2/11/2026,ATM,7784,Web,Fuel
510,60,4/25/2026,ATM,5139,Mobile,Fuel
511,61,7/31/2026,Debit,9046,Mobile,Utilities
512,62,9/28/2025,Credit,5746,Mobile,Entertainment
513,63,5/24/2026,Transfer,7407,Mobile,Entertainment
514,64,1/6/2026,ATM,7744,ATM,Retail
515,65,3/27/2026,Debit,7294,Mobile,Other
516,66,7/13/2026,ATM,9382,Mobile,Other
517,67,7/7/2026,Debit,7835,Mobile,Other
518,68,8/13/2026,Transfer,7268,Mobile,Groceries
519,69,10/12/2025,Debit,6231,Web,Retail
520,70,2/5/2026,Debit,7120,Mobile,Other
521,71,4/3/2026,Transfer,9816,ATM,Retail
522,72,1/24/2026,ATM,7197,Mobile,Entertainment
523,73,4/2/2026,ATM,6708,ATM,Groceries
524,74,6/26/2026,Transfer,6360,Mobile,Entertainment
525,75,9/17/2025,Transfer,8091,Branch,Utilities
526,76,11/7/2025,ATM,6659,Mobile,Fuel
527,77,6/2/2026,ATM,8334,Web,Retail
528,78,7/14/2026,ATM,5596,ATM,Utilities
529,79,2/25/2026,Debit,5556,Mobile,Utilities
530,80,5/6/2026,Transfer,5030,Mobile,Fuel
531,81,8/23/2026,ATM,6765,Mobile,Fuel
532,82,12/7/2025,Credit,6443,Mobile,Fuel
533,83,9/26/2025,ATM,6388,Web,Utilities
534,84,2/22/2026,Debit,6917,Branch,Utilities
535,85,9/15/2025,ATM,9505,ATM,Entertainment
536,86,9/29/2025,Transfer,9307,Mobile,Utilities
537,87,10/12/2025,Debit,9892,Web,Other
538,88,3/20/2026,Debit,9997,Web,Groceries
539,89,2/19/2026,Transfer,7293,Mobile,Retail
540,90,10/4/2025,Credit,8808,Web,Utilities
541,91,8/18/2026,Transfer,8685,Web,Utilities
542,92,11/20/2025,Debit,5954,ATM,Fuel
543,93,3/14/2026,Credit,9278,Mobile,Utilities
544,94,4/26/2026,Debit,6677,ATM,Utilities
545,95,7/5/2026,ATM,6711,Mobile,Other
546,96,7/23/2026,ATM,9671,Web,Fuel
547,97,1/3/2026,Credit,9473,Mobile,Utilities
548,98,7/1/2026,Credit,6554,ATM,Fuel
549,99,10/28/2025,ATM,8520,Web,Groceries
550,100,9/2/2026,Debit,9472,Web,Other
551,101,9/17/2025,ATM,8385,Web,Fuel
552,102,4/5/2026,Credit,7787,Branch,Utilities
553,103,8/4/2026,ATM,6337,ATM,Entertainment
554,104,7/5/2026,ATM,8334,Mobile,Retail
555,105,10/1/2025,Debit,9189,Mobile,Retail
556,106,10/13/2025,ATM,7906,Web,Entertainment
557,107,8/14/2026,Credit,6014,Mobile,Groceries
558,108,9/26/2025,ATM,8646,Mobile,Groceries
559,109,3/25/2026,Transfer,5533,Web,Entertainment
560,110,9/13/2025,ATM,8242,Web,Other
561,111,11/14/2025,Transfer,8085,ATM,Utilities
562,112,2/15/2026,Debit,7224,ATM,Retail
563,113,12/23/2025,Credit,8926,Web,Retail
564,114,2/5/2026,Credit,7634,Branch,Utilities
565,115,12/9/2025,Credit,5753,Web,Entertainment
566,116,4/2/2026,ATM,5981,ATM,Retail
567,117,12/20/2025,Debit,8516,Branch,Groceries
568,118,10/2/2025,Debit,9748,ATM,Retail
569,119,8/28/2026,Debit,8573,Branch,Utilities
570,120,12/4/2025,Credit,8270,ATM,Fuel
571,121,4/21/2026,ATM,8477,Web,Fuel
572,122,2/7/2026,Credit,8431,Branch,Utilities
573,123,8/7/2026,Debit,5182,Branch,Other
574,124,10/17/2025,Transfer,5320,Mobile,Retail
575,125,10/25/2025,Debit,8759,Branch,Groceries
576,126,2/25/2026,Credit,9157,Mobile,Fuel
577,127,4/25/2026,Debit,5366,Web,Fuel
578,128,9/7/2026,Credit,6225,ATM,Other
579,129,4/2/2026,ATM,8215,Branch,Entertainment
580,130,9/27/2025,Debit,7520,Web,Fuel
581,131,4/21/2026,Credit,5627,Branch,Utilities
582,132,4/7/2026,Credit,9807,Branch,Utilities
583,133,4/1/2026,Credit,7951,ATM,Retail
584,134,12/19/2025,Transfer,7310,ATM,Groceries
585,135,5/22/2026,Transfer,5399,Web,Retail
586,136,6/5/2026,Transfer,7617,ATM,Utilities
587,137,12/7/2025,ATM,7594,Branch,Utilities
588,138,2/22/2026,Debit,5969,Branch,Utilities
589,139,8/9/2026,ATM,7381,ATM,Fuel
590,140,12/28/2025,ATM,9787,Mobile,Groceries
591,141,7/25/2026,Transfer,8829,Branch,Groceries
592,142,8/26/2026,Debit,6494,Mobile,Fuel
593,143,3/15/2026,ATM,8499,Branch,Entertainment
594,144,12/15/2025,Transfer,7843,Mobile,Retail
595,145,1/2/2026,Debit,8840,Branch,Groceries
596,146,9/18/2025,ATM,7271,ATM,Other
597,147,12/27/2025,Transfer,9617,Branch,Groceries
598,148,11/5/2025,Debit,9067,ATM,Utilities
599,149,6/16/2026,Transfer,9186,Branch,Retail
600,150,10/7/2025,Debit,9442,Mobile,Entertainment
601,1,2/1/2026,ATM,7781,Web,Other
602,2,8/20/2026,Debit,9656,Web,Other
603,3,3/30/2026,ATM,7712,ATM,Retail
604,4,1/1/2026,ATM,5295,Mobile,Groceries
605,5,2/16/2026,Debit,5678,Mobile,Entertainment
606,6,2/6/2026,ATM,9675,ATM,Utilities
607,7,8/10/2026,ATM,6510,ATM,Groceries
608,8,2/15/2026,Debit,8041,Branch,Retail
609,9,6/17/2026,Transfer,6349,ATM,Retail
610,10,8/22/2026,Debit,7853,Mobile,Other
611,11,2/4/2026,Debit,9245,Mobile,Utilities
612,12,5/4/2026,ATM,9109,ATM,Retail
613,13,10/28/2025,Transfer,9199,Branch,Utilities
614,14,6/11/2026,Transfer,8629,Web,Utilities
615,15,9/4/2026,ATM,7537,Branch,Other
616,16,9/16/2025,ATM,5668,Web,Fuel
617,17,1/9/2026,Transfer,5854,Mobile,Utilities
618,18,12/1/2025,Debit,7472,ATM,Other
619,19,4/9/2026,ATM,5167,Web,Retail
620,20,4/17/2026,Debit,7704,ATM,Entertainment
621,21,7/13/2026,Credit,7909,ATM,Utilities
622,22,4/16/2026,ATM,9079,Mobile,Other
623,23,5/6/2026,Credit,8253,Web,Utilities
624,24,9/6/2026,Debit,5121,Branch,Entertainment
625,25,12/29/2025,Credit,6867,Mobile,Entertainment
626,26,5/12/2026,Transfer,6244,Web,Other
627,27,1/15/2026,Debit,6642,ATM,Other
628,28,5/10/2026,ATM,6259,ATM,Fuel
629,29,8/20/2026,Debit,6025,Web,Utilities
630,30,3/12/2026,Transfer,5059,Branch,Groceries
631,31,2/13/2026,Credit,6516,ATM,Retail
632,32,7/14/2026,Debit,9241,Branch,Other
633,33,7/26/2026,ATM,9209,Mobile,Retail
634,34,8/20/2026,Transfer,6494,Branch,Entertainment
635,35,3/18/2026,Credit,6669,Mobile,Other
636,36,1/17/2026,Credit,6285,Mobile,Fuel
637,37,1/17/2026,Debit,7286,Mobile,Utilities
638,38,2/12/2026,Credit,5998,Web,Utilities
639,39,3/7/2026,Debit,6828,Mobile,Entertainment
640,40,5/8/2026,ATM,6537,ATM,Utilities
641,41,3/2/2026,Transfer,7074,ATM,Retail
642,42,11/26/2025,Transfer,6207,Web,Fuel
643,43,1/15/2026,Credit,8338,Web,Groceries
644,44,7/11/2026,Credit,8419,Web,Entertainment
645,45,8/25/2026,Transfer,6399,Mobile,Entertainment
646,46,5/21/2026,Credit,7888,ATM,Entertainment
647,47,8/28/2026,ATM,8595,ATM,Utilities
648,48,4/14/2026,Debit,8553,ATM,Fuel
649,49,1/30/2026,Transfer,5116,Mobile,Fuel
650,50,11/3/2025,Debit,9128,Web,Fuel
651,51,11/13/2025,Transfer,8130,Web,Fuel
652,52,12/2/2025,ATM,5797,Web,Utilities
653,53,9/28/2025,Debit,8784,Mobile,Fuel
654,54,8/2/2026,Debit,7874,Mobile,Retail
655,55,7/29/2026,Debit,6568,Branch,Utilities
656,56,7/6/2026,Debit,8111,ATM,Utilities
657,57,1/2/2026,ATM,9136,Branch,Utilities
658,58,8/8/2026,Credit,6720,Web,Fuel
659,59,3/21/2026,ATM,9460,Mobile,Utilities
660,60,8/22/2026,ATM,8167,Mobile,Groceries
661,61,8/7/2026,ATM,9791,Web,Retail
662,62,4/20/2026,Debit,5389,Web,Fuel
663,63,10/19/2025,Debit,6747,Branch,Fuel
664,64,3/24/2026,Debit,7887,Mobile,Groceries
665,65,3/20/2026,Transfer,5670,Web,Utilities
666,66,9/27/2025,Debit,6690,Web,Entertainment
667,67,6/16/2026,Credit,9143,Branch,Groceries
668,68,9/11/2025,Credit,8731,Web,Fuel
669,69,5/9/2026,ATM,7155,Mobile,Groceries
670,70,4/23/2026,Transfer,9542,Mobile,Retail
671,71,5/29/2026,Credit,5207,Web,Entertainment
672,72,10/30/2025,Debit,6413,Web,Other
673,73,12/6/2025,Transfer,7181,Web,Other
674,74,3/19/2026,Transfer,8133,ATM,Utilities
675,75,1/29/2026,Credit,9015,Branch,Utilities
676,76,10/9/2025,Credit,6382,Mobile,Other
677,77,8/14/2026,ATM,6140,Web,Utilities
678,78,12/12/2025,ATM,6166,Branch,Utilities
679,79,11/14/2025,Transfer,8112,ATM,Utilities
680,80,11/12/2025,ATM,5341,Mobile,Fuel
681,81,6/12/2026,Credit,9893,ATM,Retail
682,82,4/25/2026,Credit,8612,Mobile,Utilities
683,83,7/5/2026,ATM,9442,Mobile,Retail
684,84,1/2/2026,ATM,8628,Web,Retail
685,85,8/29/2026,Transfer,7948,Branch,Other
686,86,7/5/2026,ATM,5538,Mobile,Other
687,87,5/15/2026,Debit,9626,ATM,Retail
688,88,2/5/2026,Debit,9024,Mobile,Other
689,89,1/24/2026,ATM,9964,Branch,Groceries
690,90,2/19/2026,ATM,9358,Branch,Fuel
691,91,5/18/2026,Debit,5173,Mobile,Other
692,92,5/24/2026,ATM,9011,Branch,Entertainment
693,93,3/25/2026,Debit,5970,Web,Retail
694,94,3/31/2026,Transfer,5745,Mobile,Fuel
695,95,5/28/2026,ATM,6078,Web,Fuel
696,96,6/13/2026,Transfer,6155,Web,Fuel
697,97,3/19/2026,ATM,9391,Branch,Retail
698,98,1/23/2026,Credit,6435,Mobile,Fuel
699,99,12/12/2025,Transfer,5203,Mobile,Retail
700,100,7/14/2026,Debit,6163,Branch,Groceries
701,101,10/31/2025,Credit,6243,Mobile,Groceries
702,102,6/10/2026,Credit,6167,Branch,Groceries
703,103,1/27/2026,Debit,7671,Mobile,Entertainment
704,104,7/1/2026,Debit,7519,ATM,Utilities
705,105,2/5/2026,ATM,7074,Branch,Utilities
706,106,2/19/2026,Transfer,9333,ATM,Other
707,107,8/15/2026,Debit,7590,Web,Groceries
708,108,5/31/2026,Transfer,5545,Web,Retail
709,109,9/16/2025,Debit,9985,ATM,Groceries
710,110,7/10/2026,ATM,6655,ATM,Fuel
711,111,4/19/2026,ATM,6052,ATM,Entertainment
712,112,9/5/2026,Transfer,9018,ATM,Groceries
713,113,10/16/2025,Debit,9681,Web,Fuel
714,114,12/26/2025,Credit,8880,Mobile,Retail
715,115,1/17/2026,Debit,8542,ATM,Utilities
716,116,4/6/2026,ATM,8547,Branch,Retail
717,117,12/24/2025,Debit,6435,Branch,Entertainment
718,118,8/14/2026,Transfer,6019,Mobile,Groceries
719,119,6/9/2026,Debit,7797,Web,Fuel
720,120,11/6/2025,Transfer,9565,Web,Fuel
721,121,4/7/2026,Transfer,7225,Web,Other
722,122,1/21/2026,Debit,5229,ATM,Retail
723,123,1/25/2026,Transfer,6123,Web,Fuel
724,124,11/3/2025,Transfer,5859,ATM,Entertainment
725,125,1/23/2026,Debit,8902,Web,Fuel
726,126,11/15/2025,Transfer,7788,Mobile,Other
727,127,4/23/2026,ATM,9250,Web,Utilities
728,128,4/28/2026,Credit,7573,Web,Entertainment
729,129,1/21/2026,ATM,6392,Web,Fuel
730,130,9/3/2026,Credit,5867,ATM,Fuel
731,131,12/4/2025,Credit,5883,ATM,Entertainment
732,132,4/3/2026,Credit,6991,Mobile,Other
733,133,7/10/2026,Credit,6866,ATM,Groceries
734,134,12/5/2025,Debit,9467,Mobile,Groceries
735,135,5/13/2026,ATM,9868,Web,Retail
736,136,4/1/2026,ATM,9661,Branch,Other
737,137,1/12/2026,ATM,8467,Branch,Other
738,138,1/29/2026,Transfer,8044,Web,Groceries
739,139,11/3/2025,Credit,9846,Web,Retail
740,140,5/30/2026,Debit,9299,Branch,Other
741,141,8/7/2026,Transfer,5026,Branch,Entertainment
742,142,5/18/2026,Credit,5126,Branch,Utilities
743,143,5/4/2026,ATM,6095,Mobile,Utilities
744,144,5/23/2026,Transfer,9409,Mobile,Groceries
745,145,11/19/2025,ATM,6978,Mobile,Groceries
746,146,5/28/2026,Transfer,5044,Web,Retail
747,147,1/2/2026,ATM,9029,ATM,Other
748,148,3/5/2026,Transfer,8677,ATM,Entertainment
749,149,4/29/2026,Debit,7496,Web,Fuel
750,150,8/15/2026,Credit,7424,Mobile,Groceries
751,1,9/9/2026,Debit,8244,Mobile,Utilities
752,2,6/8/2026,Debit,7456,Branch,Fuel
753,3,3/7/2026,ATM,6946,Mobile,Other
754,4,1/10/2026,Debit,7568,Web,Utilities
755,5,2/24/2026,Transfer,6234,ATM,Groceries
756,6,5/23/2026,Credit,7126,Branch,Groceries
757,7,9/16/2025,Credit,7332,ATM,Groceries
758,8,11/23/2025,Debit,5936,Mobile,Fuel
759,9,6/1/2026,ATM,8680,ATM,Groceries
760,10,12/2/2025,Debit,9793,Web,Entertainment
761,11,7/19/2026,Transfer,8047,ATM,Other
762,12,11/5/2025,ATM,6332,Branch,Utilities
763,13,11/21/2025,Debit,9665,Branch,Retail
764,14,7/9/2026,Debit,6465,Web,Other
765,15,1/13/2026,Debit,7473,ATM,Groceries
766,16,8/21/2026,ATM,7436,Web,Groceries
767,17,5/3/2026,ATM,8353,Branch,Entertainment
768,18,4/6/2026,ATM,6743,Mobile,Groceries
769,19,8/30/2026,Transfer,9189,Web,Retail
770,20,4/13/2026,ATM,7113,Mobile,Utilities
771,21,1/3/2026,Debit,9405,ATM,Groceries
772,22,7/26/2026,ATM,6178,Mobile,Retail
773,23,4/15/2026,ATM,6384,ATM,Utilities
774,24,6/8/2026,Credit,5132,Web,Entertainment
775,25,12/18/2025,Credit,5512,Web,Other
776,26,6/23/2026,Credit,8931,Branch,Groceries
777,27,2/24/2026,Debit,8894,Branch,Groceries
778,28,5/15/2026,Transfer,9984,Mobile,Utilities
779,29,11/12/2025,Transfer,9227,Mobile,Entertainment
780,30,2/9/2026,Transfer,8680,Web,Utilities
781,31,10/7/2025,Transfer,8042,Mobile,Groceries
782,32,5/29/2026,Credit,6268,Web,Other
783,33,5/13/2026,Transfer,9960,ATM,Entertainment
784,34,6/16/2026,ATM,5512,ATM,Other
785,35,4/26/2026,Credit,8679,ATM,Retail
786,36,9/1/2026,Transfer,6660,Mobile,Retail
787,37,2/5/2026,ATM,8250,Web,Other
788,38,8/13/2026,Credit,5277,Branch,Utilities
789,39,8/8/2026,Credit,7427,ATM,Other
790,40,5/3/2026,Debit,6350,Web,Fuel
791,41,12/30/2025,ATM,9468,Web,Entertainment
792,42,5/26/2026,Credit,9464,Web,Other
793,43,4/21/2026,Debit,8315,Mobile,Fuel
794,44,11/11/2025,Credit,6399,Mobile,Retail
795,45,3/17/2026,ATM,9793,Web,Entertainment
796,46,3/16/2026,Debit,9466,Branch,Entertainment
797,47,6/14/2026,ATM,7866,Branch,Utilities
798,48,12/12/2025,Debit,5888,Branch,Utilities
799,49,5/25/2026,ATM,9798,Branch,Retail
800,50,2/22/2026,ATM,9900,Mobile,Other
801,51,1/28/2026,Credit,5896,Branch,Utilities
802,52,3/21/2026,Credit,7637,Branch,Fuel
803,53,2/20/2026,Credit,9661,Mobile,Fuel
804,54,5/30/2026,Credit,8971,Mobile,Retail
805,55,3/11/2026,Transfer,6179,Web,Other
806,56,9/1/2026,Transfer,5583,ATM,Other
807,57,4/3/2026,Transfer,6403,Mobile,Groceries
808,58,12/28/2025,Credit,9256,Web,Utilities
809,59,8/7/2026,Credit,9361,ATM,Fuel
810,60,1/22/2026,Credit,5409,Mobile,Retail
811,61,12/3/2025,ATM,5703,Branch,Fuel
812,62,10/30/2025,Debit,5020,Branch,Other
813,63,12/8/2025,Credit,7484,ATM,Entertainment
814,64,9/16/2025,Debit,7763,Mobile,Fuel
815,65,3/22/2026,Credit,5579,Mobile,Fuel
816,66,6/25/2026,Transfer,6961,Web,Other
817,67,7/7/2026,Debit,8639,Mobile,Entertainment
818,68,6/8/2026,Transfer,8520,Web,Other
819,69,8/18/2026,Debit,5117,ATM,Retail
820,70,5/14/2026,ATM,8471,Branch,Retail
821,71,7/2/2026,Debit,9619,ATM,Utilities
822,72,9/21/2025,ATM,5521,Branch,Retail
823,73,8/15/2026,Transfer,7687,Branch,Other
824,74,7/30/2026,Transfer,8671,ATM,Fuel
825,75,10/1/2025,ATM,7647,Web,Retail
826,76,7/30/2026,Credit,7967,Mobile,Entertainment
827,77,10/26/2025,Credit,6743,Branch,Groceries
828,78,4/10/2026,Credit,5510,Branch,Retail
829,79,3/31/2026,ATM,5805,Branch,Retail
830,80,12/6/2025,Credit,9421,Mobile,Other
831,81,8/18/2026,Transfer,9999,ATM,Retail
832,82,11/11/2025,ATM,6810,Branch,Utilities
833,83,4/29/2026,Credit,9503,Mobile,Entertainment
834,84,5/23/2026,Debit,6088,Mobile,Entertainment
835,85,5/17/2026,Credit,6120,Branch,Other
836,86,10/26/2025,ATM,9810,Web,Groceries
837,87,4/14/2026,Debit,9331,ATM,Entertainment
838,88,9/10/2026,Transfer,8320,Branch,Other
839,89,7/2/2026,Credit,9129,Branch,Utilities
840,90,4/25/2026,Debit,9018,Mobile,Other
841,91,11/15/2025,Credit,7926,Web,Fuel
842,92,12/4/2025,ATM,5350,Branch,Other
843,93,1/8/2026,Transfer,8477,ATM,Entertainment
844,94,5/26/2026,ATM,8599,Branch,Groceries
845,95,1/18/2026,Debit,7156,Branch,Other
846,96,12/2/2025,ATM,8962,Mobile,Retail
847,97,12/26/2025,Credit,6399,Web,Groceries
848,98,7/18/2026,Debit,8941,ATM,Retail
849,99,6/27/2026,ATM,5984,ATM,Fuel
850,100,2/10/2026,Debit,9073,Mobile,Groceries
851,101,10/5/2025,ATM,6678,Branch,Utilities
852,102,3/16/2026,Credit,8032,Mobile,Retail
853,103,11/13/2025,Debit,5908,Branch,Retail
854,104,8/31/2026,Credit,5546,Branch,Retail
855,105,12/20/2025,ATM,9526,Mobile,Groceries
856,106,12/25/2025,Credit,5242,Web,Retail
857,107,6/23/2026,Debit,8040,Web,Utilities
858,108,4/30/2026,Transfer,9887,Branch,Retail
859,109,6/15/2026,ATM,5159,Web,Groceries
860,110,7/7/2026,Transfer,8636,Branch,Fuel
861,111,10/30/2025,Debit,7879,Mobile,Utilities
862,112,6/4/2026,Credit,9980,Branch,Other
863,113,8/28/2026,Debit,9983,Mobile,Groceries
864,114,1/12/2026,Debit,6777,Mobile,Utilities
865,115,6/29/2026,Debit,7242,Web,Other
866,116,1/29/2026,Debit,6480,ATM,Retail
867,117,9/14/2025,ATM,6593,ATM,Entertainment
868,118,10/29/2025,Credit,5274,Web,Groceries
869,119,7/10/2026,Transfer,6740,Mobile,Entertainment
870,120,8/26/2026,Debit,6643,Branch,Other
871,121,2/3/2026,Credit,9581,Branch,Groceries
872,122,11/19/2025,Debit,8516,Mobile,Other
873,123,2/17/2026,Transfer,9908,ATM,Other
874,124,1/18/2026,ATM,9606,Branch,Utilities
875,125,6/1/2026,Debit,7032,Mobile,Other
876,126,10/25/2025,Credit,7027,ATM,Other
877,127,9/9/2026,Transfer,6234,ATM,Utilities
878,128,1/22/2026,ATM,9921,Mobile,Utilities
879,129,8/31/2026,Credit,8032,Web,Fuel
880,130,10/25/2025,Credit,8038,Web,Fuel
881,131,3/12/2026,Credit,5156,Web,Groceries
882,132,7/4/2026,Debit,7921,ATM,Fuel
883,133,7/14/2026,Credit,7274,ATM,Retail
884,134,10/26/2025,Credit,9278,Web,Utilities
885,135,5/1/2026,ATM,9430,Web,Utilities
886,136,6/29/2026,ATM,8972,Branch,Groceries
887,137,11/15/2025,Debit,5125,Web,Utilities
888,138,3/30/2026,Transfer,8196,Branch,Retail
889,139,2/10/2026,Debit,9316,Branch,Retail
890,140,1/31/2026,Debit,5999,Web,Entertainment
891,141,1/27/2026,Credit,9124,Web,Entertainment
892,142,4/21/2026,Debit,9431,Mobile,Retail
893,143,12/25/2025,Debit,8128,ATM,Groceries
894,144,4/12/2026,ATM,8153,Branch,Groceries
895,145,8/14/2026,Credit,9070,Branch,Groceries
896,146,7/15/2026,Transfer,6518,Web,Groceries
897,147,7/4/2026,ATM,6709,Web,Other
898,148,12/8/2025,Debit,5441,Web,Entertainment
899,149,1/22/2026,ATM,8793,Mobile,Retail
900,150,8/5/2026,Credit,7610,Branch,Utilities
901,1,10/29/2025,Transfer,5177,Web,Groceries
902,2,10/7/2025,Credit,9395,Web,Groceries
903,3,5/24/2026,Credit,9170,Branch,Utilities
904,4,10/27/2025,ATM,8200,ATM,Utilities
905,5,9/11/2025,ATM,5902,Web,Groceries
906,6,2/13/2026,ATM,8312,Web,Groceries
907,7,4/3/2026,Credit,7288,Mobile,Entertainment
908,8,5/11/2026,Credit,8330,Branch,Fuel
909,9,11/18/2025,Debit,5081,Branch,Groceries
910,10,5/17/2026,Credit,5498,ATM,Entertainment
911,11,3/29/2026,ATM,5679,Branch,Retail
912,12,10/20/2025,Transfer,9783,Branch,Retail
913,13,7/23/2026,Transfer,5672,Web,Entertainment
914,14,11/13/2025,Credit,7903,Mobile,Utilities
915,15,12/13/2025,ATM,7429,Mobile,Retail
916,16,3/17/2026,Transfer,7993,Web,Other
917,17,8/23/2026,Debit,8194,Mobile,Other
918,18,6/10/2026,ATM,8131,Web,Other
919,19,1/20/2026,Credit,8026,Web,Other
920,20,8/12/2026,Debit,9686,Branch,Other
921,21,4/6/2026,Credit,6436,Mobile,Other
922,22,8/23/2026,Transfer,6492,Branch,Retail
923,23,2/28/2026,ATM,8915,Mobile,Utilities
924,24,7/30/2026,Debit,7521,Branch,Other
925,25,5/10/2026,ATM,8832,Web,Groceries
926,26,11/9/2025,Credit,8573,ATM,Other
927,27,5/27/2026,Debit,6145,ATM,Groceries
928,28,10/21/2025,Transfer,6503,Mobile,Entertainment
929,29,12/27/2025,Debit,5974,Branch,Fuel
930,30,12/19/2025,Transfer,8058,ATM,Entertainment
931,31,9/27/2025,ATM,7394,Web,Retail
932,32,3/2/2026,Debit,6129,Branch,Groceries
933,33,10/14/2025,Transfer,7563,Mobile,Entertainment
934,34,1/19/2026,Transfer,5783,Branch,Retail
935,35,4/1/2026,Debit,6790,Branch,Other
936,36,4/16/2026,Transfer,9977,Mobile,Other
937,37,3/3/2026,ATM,9361,Web,Groceries
938,38,11/13/2025,Transfer,7757,Web,Retail
939,39,7/14/2026,Debit,7083,Branch,Fuel
940,40,2/4/2026,Debit,7154,Mobile,Utilities
941,41,6/4/2026,Transfer,6440,ATM,Other
942,42,1/10/2026,Debit,8073,ATM,Fuel
943,43,8/8/2026,ATM,9231,Web,Retail
944,44,11/9/2025,Credit,9807,Mobile,Utilities
945,45,3/22/2026,ATM,5631,Web,Groceries
946,46,11/1/2025,Transfer,9091,Web,Fuel
947,47,12/3/2025,ATM,8209,Branch,Fuel
948,48,12/9/2025,Transfer,8867,ATM,Other
949,49,12/10/2025,Transfer,5141,Web,Fuel
950,50,9/23/2025,ATM,9340,Branch,Entertainment
951,51,5/18/2026,Transfer,5122,Mobile,Other
952,52,4/24/2026,ATM,5348,Mobile,Retail
953,53,5/6/2026,Credit,5835,Web,Groceries
954,54,4/30/2026,Credit,8734,ATM,Fuel
955,55,9/14/2025,Debit,5276,Branch,Utilities
956,56,8/3/2026,Debit,6678,ATM,Other
957,57,12/26/2025,Credit,9030,Mobile,Retail
958,58,7/30/2026,Credit,7343,ATM,Utilities
959,59,8/28/2026,Transfer,9360,Branch,Utilities
960,60,9/12/2025,Debit,8612,Branch,Other
961,61,5/25/2026,Credit,6658,Branch,Groceries
962,62,12/26/2025,Debit,7559,ATM,Entertainment
963,63,5/2/2026,Debit,6789,Branch,Other
964,64,1/16/2026,ATM,5147,Mobile,Retail
965,65,6/2/2026,Debit,5995,Mobile,Retail
966,66,10/24/2025,Credit,6121,ATM,Other
967,67,4/13/2026,Credit,7735,ATM,Entertainment
968,68,12/25/2025,ATM,8498,ATM,Utilities
969,69,12/7/2025,Transfer,6289,Branch,Groceries
970,70,10/3/2025,Credit,8353,Branch,Other
971,71,7/26/2026,Credit,5493,Mobile,Entertainment
972,72,1/3/2026,Credit,7211,Branch,Entertainment
973,73,8/24/2026,Transfer,7500,ATM,Retail
974,74,12/15/2025,Debit,7911,Mobile,Fuel
975,75,10/8/2025,Transfer,7204,Web,Fuel
976,76,11/28/2025,Debit,5121,Web,Retail
977,77,8/13/2026,Debit,5557,ATM,Entertainment
978,78,4/5/2026,Debit,9716,Mobile,Retail
979,79,10/8/2025,ATM,6651,Web,Retail
980,80,6/6/2026,ATM,8553,ATM,Other
981,81,4/25/2026,ATM,5376,Web,Entertainment
982,82,1/2/2026,Debit,8381,Branch,Entertainment
983,83,11/27/2025,Credit,7507,Branch,Utilities
984,84,8/19/2026,Credit,9324,ATM,Utilities
985,85,10/8/2025,ATM,8675,Mobile,Utilities
986,86,11/2/2025,Credit,6979,ATM,Entertainment
987,87,1/20/2026,Transfer,9349,Branch,Fuel
988,88,9/24/2025,ATM,7835,Web,Utilities
989,89,12/12/2025,Credit,5007,ATM,Groceries
990,90,11/3/2025,ATM,9937,ATM,Other
991,91,4/4/2026,Transfer,6859,Web,Fuel
992,92,8/13/2026,Credit,7192,ATM,Fuel
993,93,12/16/2025,Debit,9927,ATM,Utilities
994,94,3/13/2026,Credit,5745,Branch,Retail
995,95,8/10/2026,Credit,6815,Branch,Utilities
996,96,2/26/2026,ATM,8207,Branch,Other
997,97,5/24/2026,ATM,6492,Mobile,Entertainment
998,98,11/19/2025,Credit,7609,Mobile,Entertainment
999,99,4/7/2026,Debit,7801,Branch,Fuel
1000,100,12/24/2025,ATM,9846,ATM,Other
